date,daily_return,cumulative_return
2025-01-03,0.0,1.0
2025-01-06,0.0,1.0
2025-01-07,0.0,1.0
2025-01-08,-0.001,0.999
2025-01-10,-0.007289764325810355,0.9917175254385155
2025-01-13,-0.0006430890408925805,0.9910797627662449
2025-01-14,-0.0015514690588652735,0.9895421331794455
2025-01-15,0.0023169632499204645,0.9918348659362702
2025-01-16,0.00033980943453926216,0.9921719007812204
2025-01-17,-0.0002674419873992806,0.9919065523562338
2025-01-21,0.00397633399325778,0.995850704098503
2025-01-22,0.004371857261380285,1.0002044212304666
2025-01-23,0.0040545929309449835,1.0042598430062877
2025-01-24,-0.0025336543738859463,1.0017153956625366
2025-01-27,0.0016075062733945655,1.0033256594452202
2025-01-28,0.0013643394029782124,1.0046945361764206
2025-01-29,-0.0037462426104857144,1.0009307066944744
2025-01-30,-0.0031365929970949558,0.9977911944492791
2025-01-31,-0.006144424961520677,0.9916603413277194
2025-02-03,0.003658832004089438,0.9952886599217554
2025-02-04,0.0009026462056881696,0.9961870534541983
2025-02-05,0.0015597810502522855,0.9977408871426829
2025-02-06,-0.0017743140977128091,0.9959705814207612
2025-02-07,0.007011552169111507,1.002953881111293
2025-02-10,-0.017584576388769424,0.9853173619744787
2025-02-11,-0.020569223718255092,0.9650501487225447
2025-02-12,-0.03953345248911383,0.9268983845184098
2025-02-13,0.0028970212945392823,0.9295836288762338
2025-02-14,0.021952213282532468,0.9499900469612754
2025-02-18,0.0023838541825718373,0.9522546847081257
2025-02-19,0.00040501300787262884,0.9526403602422401
2025-02-20,0.014342565897482049,0.9663036673856155
2025-02-21,0.008074509153638276,0.9741060951931149
2025-02-24,0.011554362095224563,0.9853612697361414
2025-02-25,0.007864922990814094,0.9931110602407469
2025-02-26,-0.014591525515815343,0.9786200548652056
2025-02-27,0.000496494697271338,0.9791059345330897
2025-02-28,0.00494407595097196,0.9839467086374687
2025-03-03,0.0017722443706564839,0.9856905026528774
2025-03-04,0.009964396586369342,0.9955123137327284
2025-03-05,0.0028863400000045947,0.9983857007443523
2025-03-06,0.00449203218499511,1.0028704814451348
2025-03-07,-0.0037714897754384524,0.9990881656782755
2025-03-10,0.0071498102325151525,1.006231456468427
2025-03-11,-0.012093588878197697,0.9940625069175877
2025-03-12,-0.007390515712205822,0.9867158723412985
2025-03-13,0.003576548499650209,0.9902449095141018
2025-03-14,0.0006012869466091864,0.9908403308521389
2025-03-17,0.002891487810391946,0.9937053335908427
2025-03-18,-0.0031091195708669167,0.9906157848905006
2025-03-19,-0.0027906450943060435,0.9878513278100538
2025-03-20,-0.00793025423659513,0.9800174156325621
2025-03-21,0.0021037267092142986,0.9820791044453234
2025-03-24,0.001748682787195005,0.9837964492709309
2025-03-25,-0.0026144892896187016,0.9812243239911471
2025-03-26,0.002322090311511621,0.9835028154873064
2025-03-27,-0.002095944979890879,0.9814414476984773
2025-03-28,0.0015986928088945057,0.9830104710832638
2025-03-31,-0.008296621154603445,0.9748548056136778
2025-04-01,-0.003307299099533506,0.9716306691928958
2025-04-02,0.0023993694049528197,0.9739619700934711
2025-04-03,-0.006779534807442589,0.967358961016097
2025-04-04,0.008103113482072419,0.9751975804551101
2025-04-07,-0.0006369891451369486,0.9745763901819963
2025-04-08,-0.014071326490746716,0.9608628076055721
2025-04-09,0.022140226904791838,0.9821365281903348
2025-04-10,-0.021261813059085255,0.9612545249294528
2025-04-11,-0.004156286124288726,0.9572592760855788
2025-04-14,0.004614041310551792,0.9616761099303466
2025-04-15,-0.01479479080062629,0.947448313065967
2025-04-16,-0.01832047627224255,0.9300906087272657
2025-04-17,-0.0021476820645494055,0.9280930698084963
2025-04-21,0.011531284121346935,0.9387951746875111
2025-04-22,-0.0017782099344519353,0.9371257997814663
2025-04-23,0.005749681749354252,0.9425139748893189
2025-04-24,-0.03152840830067932,0.9127980094599123
2025-04-25,-0.012483596852412612,0.9014030071021301
2025-04-28,0.016439668849782166,0.9162217740390869
2025-04-29,-0.007770105289567647,0.9091026343862088
2025-04-30,0.00770239976101722,0.9161049063000453
2025-05-01,0.0010207042163202507,0.9170399784404973
2025-05-02,0.0007919759352399691,0.9177662520350751
2025-05-05,-0.013188984845070917,0.905661846845667
2025-05-06,-0.009175121039253914,0.8973522897802237
2025-05-07,0.0019708614807274066,0.8991208468427941
2025-05-08,0.006632951055441524,0.9050846714128294
2025-05-09,0.0019091553231170566,0.9068126186311288
2025-05-12,0.020804146229120996,0.925678080951543
2025-05-13,-0.0008089273723762141,0.9249292746138525
2025-05-14,-0.01285352677970833,0.9130406714132672
2025-05-15,-0.007721290619651349,0.9059908190417237
2025-05-16,-0.006595547901875193,0.9000153131960749
2025-05-19,-0.0006316379275408956,0.8994468293888926
2025-05-20,-0.00012226316332510003,0.8993368601742888
2025-05-21,-0.04327177534452775,0.8604209576017741
2025-05-22,0.0053401868344828,0.8650157662716722
2025-05-23,-0.026394779643890476,0.8421838657324403
2025-05-27,0.021952019478140183,0.8606715023571743
2025-05-28,-0.0028980211870244243,0.858177258108275
2025-05-29,0.011822139940506349,0.8683227497473911
2025-05-30,-0.011251368362041436,0.8585529306328424
2025-06-02,0.006450105780658133,0.8640906878537182
2025-06-03,0.025621433526726967,0.8862299299736262
2025-06-04,-0.0006063129683675774,0.8856925972741276
2025-06-05,0.011030162975210478,0.8954619309679988
2025-06-06,-0.004326033409486202,0.8915881327377081
2025-06-09,-0.004297653186419517,0.8877563961580741
2025-06-10,0.004462075091602625,0.891717631860782
2025-06-11,-0.007285028851241174,0.8852214431855158
2025-06-12,0.0050030119115564995,0.8896502166101381
2025-06-13,-0.0027894455728825346,0.887168585752001
2025-06-16,-0.00254955016005122,0.8849067049422046
2025-06-17,0.007006945299200679,0.8911071978186306
2025-06-18,0.001981749764785809,0.8928731492983066
2025-06-20,0.006261774257336622,0.8984641193996498
2025-06-23,-0.005264085835978011,0.8937345271545836
2025-06-24,-0.001559580730591953,0.8923406760077686
2025-06-25,-0.0020402787970057873,0.8905200522468041
2025-06-26,0.00289361885561272,0.8930968778612868
2025-06-27,-0.012099318832732228,0.8822910139875254
2025-06-30,0.0013925784748020087,0.8835196734621156
2025-07-01,0.010995559033523533,0.8932344661889478
2025-07-02,0.016196898767907336,0.9077020944138159
2025-07-03,-0.007386315275655142,0.900997520568103
2025-07-07,-0.010907930439530894,0.8911695022875563
2025-07-08,0.01635677378363301,0.9057461602393466
2025-07-09,0.0042714876717673406,0.9096150437965596
2025-07-10,0.005024252759651392,0.9141851796905748
2025-07-11,0.018586007448333386,0.9311762322494599
2025-07-14,-0.003459015313489521,0.9279552794025516
2025-07-15,0.00372393150564157,0.9314109213033452
2025-07-16,-0.003894877992888345,0.927783189403625
2025-07-17,-0.05903380197250413,0.8730126203269531
2025-07-18,0.003142896494723757,0.8757564086312284
2025-07-21,0.012610823103475888,0.8868004177822121
2025-07-22,-0.024946077525942648,0.8646782258101786
2025-07-23,0.0015346567698615319,0.8660052101031701
2025-07-24,0.007784866387754566,0.8727469449549227
2025-07-25,0.00425780491258787,0.8764629311845978
2025-07-28,0.0003149875060385471,0.8767390060574269
2025-07-29,-0.009480181036602017,0.868427361558152
2025-07-30,-0.010036584833649928,0.859711316672011
2025-07-31,0.02017009573826517,0.8770517762365554
2025-08-01,-0.004886949489484148,0.872765668506425
2025-08-04,0.0005594808411555352,0.8732539641767727
2025-08-05,-0.003320058135338505,0.870354710248791
2025-08-06,0.008027049981664147,0.8773410910097348
2025-08-07,-0.017410417664040972,0.86206621618143
2025-08-08,-0.0071129694231021195,0.8559343655450421
2025-08-11,0.005884491843788003,0.8609711043379097
2025-08-12,-0.006485290023713258,0.8553874570242417
2025-08-13,-0.006191192601321477,0.85009158852905
2025-08-14,-0.00822884479635752,0.8430963167843554
2025-08-15,-0.005240883494037701,0.8386777472138363
2025-08-18,0.00710259018807638,0.8446345315521552
2025-08-19,0.0013092593520814266,0.8457403772116807
2025-08-20,0.010830667637381733,0.8549003101447743
2025-08-21,0.008926799206247504,0.8625318335547955
2025-08-22,-0.0052316972348463026,0.85801932814622
2025-08-25,-0.007658008937045241,0.8514486084631187
2025-08-26,0.0056555650826413395,0.8562640314828062
2025-08-27,-0.00041838632189400426,0.8559057823241039
2025-08-28,-0.004828873889941923,0.8517727212395887
2025-08-29,-0.0022312544383286392,0.8498721995748756
2025-09-02,-0.0044744358910171755,0.84606950090232
2025-09-03,0.002524997419857608,0.8482058242091186
2025-09-04,0.006314425054281189,0.853561756316692
2025-09-05,0.005940174630308271,0.8586320622069658
2025-09-08,0.017132169493673535,0.8733422922293979
2025-09-09,-0.002918584273526495,0.8707933691498915
2025-09-10,-0.0026482709890316702,0.8684872723329307
2025-09-11,-0.004967053366464733,0.8641734497031576
2025-09-12,-0.00309653202782266,0.8614975089385577
2025-09-15,0.009255350363042064,0.8694709702206721
2025-09-16,-0.002913107920673036,0.866938107450527
2025-09-17,0.002313400155325358,0.8689436822029605
2025-09-18,0.003293905813775075,0.871805900849612
2025-09-19,-0.0025309049174736253,0.8695994430080691
2025-09-22,-0.0018921817208951133,0.8679540028375087
2025-09-23,0.007040214637138471,0.8740645853126482
2025-09-24,0.006452760512668382,0.8797047147542755
2025-09-25,-0.0011250115687373718,0.8787150367731041
2025-09-26,-0.0031853920420705367,0.8759159848877194
2025-09-29,0.007562424763094128,0.8825400336222242
2025-09-30,-0.004779799989446665,0.8783216687788304
2025-10-01,-0.019286913590056964,0.8613815546488185
2025-10-02,-0.0019131886973796502,0.8597335691943331
2025-10-03,-0.0010248050021934713,0.8588525099320691
2025-10-06,0.005629616976603399,0.8636875206023812
2025-10-07,0.008519192399272096,0.8710454407632431
2025-10-08,-0.00011289011299431273,0.8709471083450121
2025-10-09,-0.028946876181466144,0.8457359102391431
2025-10-10,-0.026194192920565865,0.8235825406464885
2025-10-13,0.00024121910363109154,0.8237812044887095
2025-10-14,-0.00029847022844076143,0.8235353303244205
2025-10-15,-0.0056892930359922905,0.8188499965047121
2025-10-16,-0.008583425853100735,0.811821458274902
2025-10-17,0.009631393133391702,0.819640429893671
2025-10-20,0.0012635192262933637,0.820676061335489
2025-10-21,-0.006905807490627024,0.8150086304437402
2025-10-22,0.015533516387348234,0.8276685803605682
2025-10-23,-0.0028327460535407245,0.8253240054559122
2025-10-24,-0.005550930997026485,0.8207426888514369
2025-10-27,-0.0005384578437506171,0.8203007535129239
2025-10-28,0.0021354918955431706,0.8220524991239587
2025-10-29,-0.006732623727505674,0.8165179289631014
2025-10-30,-0.00014008958775207914,0.8164035433030407
2025-10-31,0.015134444178304673,0.8287593571561306
2025-11-03,-0.007811310320528647,0.8222856606363422
2025-11-04,0.005678551920498334,0.8269550524537469
2025-11-05,0.0027038021141939936,0.8291909752729149
2025-11-06,-0.012706253319116845,0.8186550646911716
2025-11-07,0.0012708312960374446,0.8196954371680406
2025-11-10,0.0028398685788912775,0.8220232644843147
2025-11-11,-0.0022260000047158446,0.8201934406936962
2025-11-12,0.002899471724966407,0.8225715683839905
2025-11-13,0.009148692466988753,0.8300970226952242
2025-11-14,-0.0035459163344001704,0.8271535681033123
2025-11-17,-0.0058384438775851,0.8223242784177969
2025-11-18,0.0064620497823794365,0.827638178842192
2025-11-19,0.002706759610318646,0.8298783964366399
2025-11-20,0.0046692940269807415,0.8337533426762419
2025-11-21,-0.006387927903294899,0.828427386434095
2025-11-24,-0.0071263058262631546,0.8225237595235138
2025-11-25,0.007557346291662964,0.8287398564073535
2025-11-26,-0.0033967382699797146,0.8259248440212372
2025-11-28,-0.0024375766407418176,0.8239115889144427
2025-12-01,0.00264386629386687,0.8260899009934999
2025-12-02,0.004421128063580582,0.8297421502378228
2025-12-03,0.002404128511392517,0.8317369569983137
2025-12-04,-0.0025736509854337036,0.8295963563593134
2025-12-05,-0.004220191127909043,0.8260953011764601
2025-12-08,-0.024496066485827847,0.8058592157552116
2025-12-09,0.007251564867242766,0.811702956132126
2025-12-10,-0.00021955087680991525,0.8115247460363979
2025-12-11,0.013993817592392738,0.8228810753041441
2025-12-12,-0.003515819854486152,0.819987973681709
2025-12-15,0.006031718552112347,0.8249339103550739
2025-12-16,0.004628431121618288,0.8287520601390396
2025-12-17,0.007071219297087414,0.8346123476991957
2025-12-18,-0.003471187244470819,0.8317152519637844
2025-12-19,-0.0018975526485591199,0.8301370284845734
2025-12-22,-0.004706146554397314,0.8262302819682931
2025-12-23,0.005108615450514165,0.830451174752439
2025-12-24,0.0032163046861249933,0.8331221587573931
2025-12-26,0.005131160182868383,0.8373970420058744
2025-12-29,-0.00042057114153434827,0.8370448569760005
2025-12-30,-0.0008363266501826977,0.8363448140547131
2025-12-31,0.0006411353617936932,0.8368810242896563
2026-01-02,0.0038904102613374764,0.8401368348140714
2026-01-05,-0.00014518055148446396,0.8400148632850707
2026-01-06,-0.004241639295570823,0.8364518232320971
2026-01-07,-0.007463097728347481,0.8302093015302615
2026-01-08,-0.015844453684629833,0.8170550887036164
2026-01-09,-0.0072080106155923696,0.811165746950717
2026-01-12,-0.0004566060517765813,0.8107953637616654
2026-01-13,-0.007331680486391101,0.8048508712147177
2026-01-14,0.007689790529617241,0.8110400058219387
2026-01-15,-0.004535321840777651,0.80736167836979
2026-01-16,-0.016307483820349244,0.7941956408626046
2026-01-20,0.001799147798506373,0.795624516201446
2026-01-21,-0.03181289197332099,0.7703133994162037
2026-01-22,-0.0045118186368992555,0.7668378850644645
2026-01-23,0.007013237459532334,0.7722159012453872
2026-01-26,0.020766745449562335,0.7882523122986546
2026-01-27,-0.0009273746692246843,0.787521307071271
2026-01-28,-0.00791063765209675,0.7812915113677246
2026-01-29,-0.003112288979696537,0.7788599064069643
2026-01-30,-0.020822062515182815,0.7626424367451891
2026-02-02,-0.017393884700719967,0.7493771221325671
2026-02-03,0.00027042382764647186,0.749579771562285
2026-02-04,0.004388853272913551,0.7528695671960158
2026-02-05,-0.0045751782463400725,0.7494250547298491
2026-02-06,0.0008945496282440069,0.7500954526339544
2026-02-09,0.00816572656545314,0.756220526998153
2026-02-10,0.00801427688861707,0.7622810876903722
2026-02-11,-0.0005182152999531897,0.761886061967866
2026-02-12,-0.013010367162352474,0.7519736445657852
2026-02-13,0.014580655763801215,0.76293791342065
2026-02-17,-0.0144662421462787,0.7519010688225303
2026-02-18,0.005966729324892298,0.7563874589792916
2026-02-19,0.014777554524363884,0.7675650158959031
2026-02-20,0.003035541423427268,0.7698949912968288
2026-02-23,-0.005800006272124319,0.7654295955184302
2026-02-24,-0.00038865021645725917,0.7651321111404491
2026-02-25,0.003498508441661524,0.7678089322902601
2026-02-26,-0.005307739607638834,0.7637336024092443
2026-02-27,-0.009169534060697732,0.7567305211286532
2026-03-02,0.009060109289023219,0.7635865823524184
2026-03-03,0.004102990496508002,0.7667195708430714
2026-03-04,-0.003139816651822405,0.7643122119672602
2026-03-05,0.022060264510322253,0.7811731415317275
2026-03-06,0.010619059605303157,0.7894684656837148
2026-03-09,0.010209350964698397,0.7975284263254417
2026-03-10,0.0056083655312038775,0.8020012572618006
2026-03-11,0.00777560726214069,0.8082373040620114
2026-03-12,-0.010868326393400934,0.799453117238143
2026-03-13,-0.001,0.7986536641209049
2026-03-16,-0.0007983336321638751,0.7980160720403863
2026-03-17,0.0005416168682786104,0.7984482910061608
2026-03-18,-0.0037106805900204987,0.7954855044305892
2026-03-19,-0.004176982266461904,0.7921627755853551
2026-03-20,0.0009545967222217566,0.792918971574395
2026-03-23,-0.004001638868814439,0.7897459961979225
2026-03-24,0.0017063655624663526,0.7910935915689303
2026-03-25,0.0002596972543401077,0.7912990364025868
2026-03-26,-6.686416220855196e-06,0.7912937454478743
2026-03-27,-0.0027363486336642586,0.789128489888691
2026-03-30,0.004179875022027046,0.7924269483527466
2026-03-31,0.000593517507163771,0.7928972676197424
2026-04-01,-0.00176099666924584,0.7915009781724099
2026-04-02,-0.009465070592572025,0.7840093655399183
2026-04-06,-0.006601679609276919,0.7788335868979512
2026-04-07,0.004169825055768045,0.782081186702872
2026-04-08,0.013602907858836485,0.7927197650237205
2026-04-09,-0.0036143901003566903,0.7898545665526617
2026-04-10,-0.0067124552501822005,0.7845527031205249
2026-04-13,0.007093871568380511,0.7901182192350877
2026-04-14,0.010720213112129187,0.7985884549290638
2026-04-15,-0.0003498912171017443,0.7983090358426054
2026-04-16,-0.006011817627958437,0.7935097475083683
2026-04-17,0.030197944980162345,0.8174721112048485
2026-04-20,-0.013453520947793868,0.8064742330325169
2026-04-21,-0.005329463367661921,0.8021761581506068
2026-04-22,0.011261864109645067,0.8112101570356962
2026-04-23,0.004793530239108058,0.8150987174537184
2026-04-24,0.006986439354127767,0.8207933552108361
2026-04-27,0.00011186065543289381,0.8208851696935249
2026-04-28,-0.0014725901785984374,0.8196763422548771
2026-04-29,-0.004367679507028363,0.8160962586924145
2026-04-30,0.0008712870390163163,0.816807312785203
2026-05-01,0.012060120521582729,0.8266581074203027
2026-05-04,0.0,0.8266581074203027
2026-05-05,0.0,0.8266581074203027
